bed_id,room_id,current_status,patient_id,occupation_start_time,occupation_end_time
B001,R105,Occupied,P011,2023-06-01,2023-06-05
B002,R105,Available,NULL,NULL,NULL
B003,R201,Available,NULL,NULL,NULL
B004,R205,Available,NULL,NULL,NULL
B005,R205,Occupied,P017,2023-06-10,2023-06-14
B006,R301,Available,NULL,NULL,NULL
B007,R400,Available,NULL,NULL,NULL
B008,R403,Occupied,P019,2023-06-17,2023-06-22
B009,R502,Available,NULL,NULL,NULL
B010,R503,Available,NULL,NULL,NULL
B011,R700,Available,NULL,NULL,NULL
B012,R701,Occupied,P014,2023-06-11,2023-06-16
B013,R202,Available,NULL,NULL,NULL
B014,R202,Occupied,P005,2023-06-03,2023-06-07
B015,R302,Available,NULL,NULL,NULL
B016,R302,Available,NULL,NULL,NULL
B017,R401,Occupied,P004,2023-05-29,2023-06-02
B018,R404,Available,NULL,NULL,NULL
B019,R504,Occupied,P006,2023-06-08,2023-06-13
B020,R703,Available,NULL,NULL,NULL
B021,R704,Available,NULL,NULL,NULL
B022,R203,Occupied,P008,2023-06-06,2023-06-09
B023,R303,Available,NULL,NULL,NULL
B024,R402,Occupied,P016,2023-06-12,2023-06-15
B025,R405,Available,NULL,NULL,NULL
B026,R505,Occupied,P013,2023-06-14,2023-06-19
B027,R705,Available,NULL,NULL,NULL